district,dong,fullName,lat,lng,PM10,PM2.5,level,text,color,nearest_station,nearest_dist_km
중구,삼덕동,대구광역시 중구 삼덕동,35.86579777777778,128.60019611111113,13.7,5.4,1,좋음,#3b82f6,남산1동,1.26
중구,성내1동,대구광역시 중구 성내1동,35.86605931034483,128.5973948275862,13.7,5.4,1,좋음,#3b82f6,남산1동,1.1
중구,성내2동,대구광역시 중구 성내2동,35.869848181818185,128.58935227272727,13.5,5.0,1,좋음,#3b82f6,수창동,0.68
중구,성내3동,대구광역시 중구 성내3동,35.87380891891892,128.5799808108108,13.4,4.7,1,좋음,#3b82f6,수창동,0.38
중구,대신동,대구광역시 중구 대신동,35.86933857142857,128.5788425,13.6,5.1,1,좋음,#3b82f6,수창동,0.73
중구,남산1동,대구광역시 중구 남산1동,35.862196363636365,128.59362484848484,13.4,5.6,1,좋음,#3b82f6,남산1동,0.56
중구,남산2동,대구광역시 중구 남산2동,35.86454423076923,128.58976153846154,13.5,5.4,1,좋음,#3b82f6,남산1동,0.69
중구,남산3동,대구광역시 중구 남산3동,35.85988285714286,128.58644142857142,13.3,5.7,1,좋음,#3b82f6,남산1동,0.34
중구,남산4동,대구광역시 중구 남산4동,35.861375,128.57972333333333,13.6,5.4,1,좋음,#3b82f6,남산1동,0.96
중구,대봉1동,대구광역시 중구 대봉1동,35.859995000000005,128.6059642857143,13.8,5.3,1,좋음,#3b82f6,남산1동,1.48
중구,대봉2동,대구광역시 중구 대봉2동,35.85694,128.59762333333333,13.5,5.5,1,좋음,#3b82f6,남산1동,0.73
중구,동인동,대구광역시 중구 동인동,35.871763125,128.6076225,14.0,5.5,1,좋음,#3b82f6,수창동,2.13
동구,신암1동,대구광역시 동구 신암1동,35.88485956521739,128.61968173913044,14.5,6.1,1,좋음,#3b82f6,신암동,1.32
동구,신암2동,대구광역시 동구 신암2동,35.87825384615385,128.61055692307693,14.1,5.8,1,좋음,#3b82f6,산격동,1.84
동구,신암3동,대구광역시 동구 신암3동,35.879917647058825,128.622905,14.6,5.8,1,좋음,#3b82f6,신암동,1.43
동구,신암4동,대구광역시 동구 신암4동,35.883818,128.62714885714286,15.0,6.2,1,좋음,#3b82f6,신암동,0.85
동구,신암5동,대구광역시 동구 신암5동,35.88934857142857,128.63452,15.9,6.9,1,좋음,#3b82f6,신암동,0.14
동구,신천1·2동,대구광역시 동구 신천1·2동,35.87189733333333,128.61696933333334,14.3,5.4,1,좋음,#3b82f6,만촌동,2.2
동구,신천3동,대구광역시 동구 신천3동,35.873423823529414,128.6226261764706,14.5,5.4,1,좋음,#3b82f6,만촌동,1.81
동구,신천4동,대구광역시 동구 신천4동,35.87248857142857,128.6298717857143,14.8,4.9,1,좋음,#3b82f6,만촌동,1.22
동구,효목1동,대구광역시 동구 효목1동,35.882409230769234,128.64325256410257,15.0,5.6,1,좋음,#3b82f6,신암동,1.23
동구,효목2동,대구광역시 동구 효목2동,35.87730780487805,128.63844243902437,14.9,5.1,1,좋음,#3b82f6,만촌동,1.35
동구,도평동,대구광역시 동구 도평동,35.92700513966481,128.6868841340782,14.1,5.5,1,좋음,#3b82f6,신암동,6.38
동구,불로·봉무동,대구광역시 동구 불로·봉무동,35.92117708029197,128.64042452554745,14.3,6.1,1,좋음,#3b82f6,신암동,3.56
동구,지저동,대구광역시 동구 지저동,35.89992297297297,128.64023729729732,14.8,6.1,1,좋음,#3b82f6,신암동,1.3
동구,동촌동,대구광역시 동구 동촌동,35.8965321875,128.65603625,14.5,5.6,1,좋음,#3b82f6,신암동,2.2
동구,방촌동,대구광역시 동구 방촌동,35.87846464285714,128.66654035714285,14.4,5.2,1,좋음,#3b82f6,만촌동,2.8
동구,해안동,대구광역시 동구 해안동,35.89564421875,128.68549265625,13.9,5.3,1,좋음,#3b82f6,서호동,3.74
동구,공산동,대구광역시 동구 공산동,35.97827604545454,128.67922986363638,14.1,5.6,1,좋음,#3b82f6,신암동,10.68
동구,안심1동,대구광역시 동구 안심1동,35.86646837837838,128.69678851351352,12.9,5.4,1,좋음,#3b82f6,서호동,1.32
동구,안심2동,대구광역시 동구 안심2동,35.89566756476684,128.70846797927462,13.5,5.0,1,좋음,#3b82f6,서호동,2.96
동구,안심4동,대구광역시 동구 안심4동,35.867273571428576,128.71323166666667,11.3,4.1,1,좋음,#3b82f6,서호동,0.29
서구,내당1동,대구광역시 서구 내당1동,35.86248222222222,128.5624488888889,14.7,5.5,1,좋음,#3b82f6,내당동,1.03
서구,내당2·3동,대구광역시 서구 내당2·3동,35.86751586206896,128.57490620689657,13.9,5.3,1,좋음,#3b82f6,수창동,1.12
서구,내당4동,대구광역시 서구 내당4동,35.858925,128.550163,15.9,5.1,1,좋음,#3b82f6,내당동,0.15
서구,비산1동,대구광역시 서구 비산1동,35.883224642857144,128.56838964285714,14.1,5.7,1,좋음,#3b82f6,침산동,1.52
서구,비산2·3동,대구광역시 서구 비산2·3동,35.875568205128204,128.57642512820513,13.7,5.1,1,좋음,#3b82f6,수창동,0.71
서구,비산4동,대구광역시 서구 비산4동,35.869704999999996,128.57397388888887,13.9,5.3,1,좋음,#3b82f6,수창동,1.05
서구,비산5동,대구광역시 서구 비산5동,35.884909,128.56933466666666,14.1,5.7,1,좋음,#3b82f6,침산동,1.38
서구,비산6동,대구광역시 서구 비산6동,35.8750725,128.56941,14.1,5.6,1,좋음,#3b82f6,수창동,1.33
서구,비산7동,대구광역시 서구 비산7동,35.88928078947369,128.54711789473683,14.6,6.0,1,좋음,#3b82f6,이현동,2.2
서구,평리1동,대구광역시 서구 평리1동,35.876650000000005,128.56615,14.3,5.8,1,좋음,#3b82f6,수창동,1.64
서구,평리2동,대구광역시 서구 평리2동,35.868945,128.56641,14.4,5.6,1,좋음,#3b82f6,수창동,1.7
서구,평리3동,대구광역시 서구 평리3동,35.87782875,128.5588725,14.7,5.9,1,좋음,#3b82f6,이현동,1.53
서구,평리4동,대구광역시 서구 평리4동,35.8668975,128.55832375,15.1,5.9,1,좋음,#3b82f6,내당동,1.06
서구,평리5동,대구광역시 서구 평리5동,35.871628333333334,128.55174666666667,15.8,6.6,1,좋음,#3b82f6,이현동,0.62
서구,평리6동,대구광역시 서구 평리6동,35.87986461538462,128.54782,15.2,6.2,1,좋음,#3b82f6,이현동,1.17
서구,상중이동,대구광역시 서구 상중이동,35.874737499999995,128.5290519230769,15.2,6.1,1,좋음,#3b82f6,이현동,1.58
서구,원대동,대구광역시 서구 원대동,35.88319590909091,128.57590772727272,13.9,5.4,1,좋음,#3b82f6,침산동,0.9
남구,이천동,대구광역시 남구 이천동,35.85218111111111,128.6011352777778,13.6,5.2,1,좋음,#3b82f6,남산1동,1.24
남구,봉덕1동,대구광역시 남구 봉덕1동,35.84693047619047,128.59850428571428,13.6,4.9,1,좋음,#3b82f6,남산1동,1.49
남구,봉덕2동,대구광역시 남구 봉덕2동,35.826117733333334,128.599718,13.8,4.0,1,좋음,#3b82f6,지산동,2.91
남구,봉덕3동,대구광역시 남구 봉덕3동,35.83178242857142,128.58994957142855,13.8,2.7,1,좋음,#3b82f6,대명동,2.29
남구,대명1동,대구광역시 남구 대명1동,35.84431666666667,128.57704266666667,12.5,5.2,1,좋음,#3b82f6,대명동,0.55
남구,대명2동,대구광역시 남구 대명2동,35.850463684210524,128.58877157894736,13.4,5.3,1,좋음,#3b82f6,남산1동,0.88
남구,대명3동,대구광역시 남구 대명3동,35.85091357142857,128.58133785714287,13.3,5.2,1,좋음,#3b82f6,대명동,1.1
남구,대명4동,대구광역시 남구 대명4동,35.84648966666667,128.57085133333334,11.2,5.9,1,좋음,#3b82f6,대명동,0.11
남구,대명5동,대구광역시 남구 대명5동,35.844847333333334,128.58749433333335,13.5,4.7,1,좋음,#3b82f6,대명동,1.48
남구,대명6동,대구광역시 남구 대명6동,35.82928025,128.57077675,14.2,4.4,1,좋음,#3b82f6,대명동,1.8
남구,대명9동,대구광역시 남구 대명9동,35.826015070422535,128.58155633802815,14.1,3.2,1,좋음,#3b82f6,대명동,2.36
남구,대명10동,대구광역시 남구 대명10동,35.840586470588235,128.5675382352941,12.8,5.3,1,좋음,#3b82f6,대명동,0.63
남구,대명11동,대구광역시 남구 대명11동,35.830968999999996,128.56189633333332,14.5,5.3,1,좋음,#3b82f6,대명동,1.81
북구,고성동,대구광역시 북구 고성동,35.8813875,128.58483999999999,13.7,5.2,1,좋음,#3b82f6,침산동,0.69
북구,칠성동,대구광역시 북구 칠성동,35.88012975609756,128.59893902439023,13.8,5.7,1,좋음,#3b82f6,수창동,1.48
북구,침산1동,대구광역시 북구 침산1동,35.89849964285714,128.58328464285714,13.9,6.0,1,좋음,#3b82f6,침산동,1.21
북구,침산2동,대구광역시 북구 침산2동,35.88805886363636,128.59597022727272,13.7,6.3,1,좋음,#3b82f6,산격동,0.79
북구,침산3동,대구광역시 북구 침산3동,35.89337673469388,128.59027448979592,13.8,6.0,1,좋음,#3b82f6,침산동,0.83
북구,산격1동,대구광역시 북구 산격1동,35.896271147540986,128.59661606557376,13.5,6.9,1,좋음,#3b82f6,산격동,0.59
북구,산격2동,대구광역시 북구 산격2동,35.90671183098592,128.60474408450705,13.9,7.1,1,좋음,#3b82f6,산격동,1.52
북구,산격3동,대구광역시 북구 산격3동,35.892733023255815,128.61027953488372,13.7,6.8,1,좋음,#3b82f6,산격동,0.75
북구,산격4동,대구광역시 북구 산격4동,35.8956070967742,128.60460161290322,13.3,7.4,1,좋음,#3b82f6,산격동,0.35
북구,복현1동,대구광역시 북구 복현1동,35.893373636363634,128.61714545454544,14.2,6.5,1,좋음,#3b82f6,산격동,1.36
북구,복현2동,대구광역시 북구 복현2동,35.898139375,128.62322645833333,14.6,6.4,1,좋음,#3b82f6,신암동,1.29
북구,검단동,대구광역시 북구 검단동,35.91804235294118,128.6234194117647,14.2,6.4,1,좋음,#3b82f6,신암동,3.26
북구,무태조야동,대구광역시 북구 무태조야동,35.9400813618677,128.59990968871594,14.0,6.1,1,좋음,#3b82f6,태전동,4.82
북구,태전2동,대구광역시 북구 태전2동,35.91846614285714,128.55141600000002,12.5,5.2,1,좋음,#3b82f6,태전동,0.51
북구,관문동,대구광역시 북구 관문동,35.90962673170731,128.54411487804876,13.6,5.6,1,좋음,#3b82f6,태전동,1.6
북구,읍내동,대구광역시 북구 읍내동,35.95502139393939,128.54701078787878,13.8,5.8,1,좋음,#3b82f6,태전동,3.57
북구,관음동,대구광역시 북구 관음동,35.94393604651163,128.54022162790696,13.6,5.7,1,좋음,#3b82f6,태전동,2.51
북구,태전1동,대구광역시 북구 태전1동,35.9239730882353,128.53845882352942,13.0,5.6,1,좋음,#3b82f6,태전동,1.1
북구,구암동,대구광역시 북구 구암동,35.93155111111111,128.5700422222222,13.5,5.8,1,좋음,#3b82f6,태전동,1.99
북구,노원동,대구광역시 북구 노원동,35.89651625,128.56669953125,14.0,5.8,1,좋음,#3b82f6,침산동,1.87
북구,동천동,대구광역시 북구 동천동,35.93867162162162,128.5567537837838,13.4,5.6,1,좋음,#3b82f6,태전동,1.82
북구,국우동,대구광역시 북구 국우동,35.96069734883721,128.57970376744186,13.9,5.8,1,좋음,#3b82f6,태전동,4.94
북구,대현동,대구광역시 북구 대현동,35.88238444444445,128.60813074074073,13.9,6.1,1,좋음,#3b82f6,산격동,1.33
수성구,범어1동,대구광역시 수성구 범어1동,35.85203580645161,128.62841548387098,14.1,4.6,1,좋음,#3b82f6,만촌동,1.81
수성구,범어2동,대구광역시 수성구 범어2동,35.86439285714285,128.63243857142857,15.1,4.1,1,좋음,#3b82f6,만촌동,0.69
수성구,범어3동,대구광역시 수성구 범어3동,35.86452642857143,128.6205742857143,14.3,5.1,1,좋음,#3b82f6,만촌동,1.76
수성구,범어4동,대구광역시 수성구 범어4동,35.852298,128.6383648,14.4,4.4,1,좋음,#3b82f6,만촌동,1.45
수성구,만촌1동,대구광역시 수성구 만촌1동,35.87006473684211,128.64401460526315,15.3,4.0,1,좋음,#3b82f6,만촌동,0.64
수성구,만촌2동,대구광역시 수성구 만촌2동,35.8626448,128.6495846,15.0,4.2,1,좋음,#3b82f6,만촌동,0.91
수성구,만촌3동,대구광역시 수성구 만촌3동,35.850117142857144,128.65034607142857,14.2,4.4,1,좋음,#3b82f6,만촌동,1.92
수성구,수성1가동,대구광역시 수성구 수성1가동,35.85573333333333,128.61014133333333,13.9,5.1,1,좋음,#3b82f6,남산1동,1.86
수성구,수성2·3가동,대구광역시 수성구 수성2·3가동,35.85474428571429,128.61834857142858,14.0,5.0,1,좋음,#3b82f6,만촌동,2.28
수성구,수성4가동,대구광역시 수성구 수성4가동,35.86438,128.61826666666667,14.2,5.1,1,좋음,#3b82f6,만촌동,1.96
수성구,황금1동,대구광역시 수성구 황금1동,35.8407201369863,128.63696383561643,13.1,4.3,1,좋음,#3b82f6,지산동,1.24
수성구,황금2동,대구광역시 수성구 황금2동,35.84511083333333,128.62502583333335,13.6,4.5,1,좋음,#3b82f6,지산동,1.73
수성구,중동,대구광역시 수성구 중동,35.84489799999999,128.61005666666668,13.7,4.8,1,좋음,#3b82f6,남산1동,2.36
수성구,상동,대구광역시 수성구 상동,35.833664666666664,128.61004033333333,13.5,4.4,1,좋음,#3b82f6,지산동,1.97
수성구,파동,대구광역시 수성구 파동,35.81487178082192,128.61489328767124,13.6,4.2,1,좋음,#3b82f6,지산동,2.3
수성구,두산동,대구광역시 수성구 두산동,35.82541425531915,128.62242893617022,12.6,4.2,1,좋음,#3b82f6,지산동,1.0
수성구,지산1동,대구광역시 수성구 지산1동,35.83155486842105,128.63890960526314,12.2,4.2,1,좋음,#3b82f6,지산동,0.67
수성구,지산2동,대구광역시 수성구 지산2동,35.81893305555556,128.63192166666667,12.9,4.2,1,좋음,#3b82f6,지산동,1.28
수성구,범물1동,대구광역시 수성구 범물1동,35.809462673267326,128.66031257425743,13.9,4.3,1,좋음,#3b82f6,지산동,3.49
수성구,범물2동,대구광역시 수성구 범물2동,35.808165762711866,128.644146779661,13.7,4.3,1,좋음,#3b82f6,지산동,2.73
수성구,고산1동,대구광역시 수성구 고산1동,35.81369042105263,128.70266110526316,14.5,4.0,1,좋음,#3b82f6,시지동,2.7
수성구,고산2동,대구광역시 수성구 고산2동,35.83974457831325,128.6763936746988,14.4,4.0,1,좋음,#3b82f6,시지동,1.92
수성구,고산3동,대구광역시 수성구 고산3동,35.84737111111111,128.7123711111111,14.2,4.0,1,좋음,#3b82f6,시지동,1.72
달서구,두류3동,대구광역시 달서구 두류3동,35.851479375000004,128.555125,14.9,5.6,1,좋음,#3b82f6,내당동,0.89
달서구,본리동,대구광역시 달서구 본리동,35.839803421052636,128.53690368421053,16.0,5.9,1,좋음,#3b82f6,본동,0.72
달서구,감삼동,대구광역시 달서구 감삼동,35.848025,128.54055133333333,15.4,5.9,1,좋음,#3b82f6,본동,1.52
달서구,죽전동,대구광역시 달서구 죽전동,35.85567458333333,128.53705625,15.4,6.0,1,좋음,#3b82f6,내당동,1.38
달서구,장기동,대구광역시 달서구 장기동,35.84371863636364,128.52655295454545,15.5,5.9,1,좋음,#3b82f6,본동,1.67
달서구,이곡1동,대구광역시 달서구 이곡1동,35.85761361702127,128.51203276595743,15.1,5.2,1,좋음,#3b82f6,호림동,3.04
달서구,신당동,대구광역시 달서구 신당동,35.8547094520548,128.48416383561644,14.5,7.0,1,좋음,#3b82f6,호림동,1.92
달서구,월성2동,대구광역시 달서구 월성2동,35.826928260869565,128.50873695652174,16.0,7.1,1,좋음,#3b82f6,진천동,2.13
달서구,상인1동,대구광역시 달서구 상인1동,35.818596756756754,128.5453737837838,15.7,5.7,1,좋음,#3b82f6,진천동,1.51
달서구,상인2동,대구광역시 달서구 상인2동,35.81160086956522,128.5378584782609,16.0,5.7,1,좋음,#3b82f6,진천동,1.0
달서구,상인3동,대구광역시 달서구 상인3동,35.814250512820514,128.56225743589744,15.0,5.4,1,좋음,#3b82f6,본동,2.94
달서구,도원동,대구광역시 달서구 도원동,35.797868333333334,128.55074030864196,15.7,6.3,1,좋음,#3b82f6,진천동,2.89
달서구,송현1동,대구광역시 달서구 송현1동,35.82503089285714,128.55818553571427,15.0,5.5,1,좋음,#3b82f6,본동,1.86
달서구,송현2동,대구광역시 달서구 송현2동,35.830953666666666,128.54787366666667,15.9,5.8,1,좋음,#3b82f6,본동,0.72
달서구,본동,대구광역시 달서구 본동,35.83281418604651,128.53820790697674,16.6,5.9,1,좋음,#3b82f6,본동,0.31
달서구,용산1동,대구광역시 달서구 용산1동,35.856397173913045,128.52907260869566,15.3,5.9,1,좋음,#3b82f6,이현동,2.07
달서구,용산2동,대구광역시 달서구 용산2동,35.859001875,128.51977291666665,15.1,5.6,1,좋음,#3b82f6,이현동,2.58
달서구,이곡2동,대구광역시 달서구 이곡2동,35.857557735849056,128.50343056603774,14.9,5.7,1,좋음,#3b82f6,호림동,2.56
달서구,성당동,대구광역시 달서구 성당동,35.846164426229514,128.55522262295082,14.6,5.7,1,좋음,#3b82f6,대명동,1.43
달서구,"두류1,2동","대구광역시 달서구 두류1,2동",35.85425409090909,128.56679454545454,13.8,5.4,1,좋음,#3b82f6,대명동,1.05
달성군,화원읍,대구광역시 달성군 화원읍,35.78254840466926,128.51793863813228,17.9,9.4,1,좋음,#3b82f6,화원읍,2.03
달성군,논공읍,대구광역시 달성군 논공읍,35.75114170868348,128.4426805602241,14.8,6.4,1,좋음,#3b82f6,유가읍,6.38
달성군,다사읍,대구광역시 달성군 다사읍,35.877697,128.47668591176472,13.2,6.1,1,좋음,#3b82f6,다사읍,2.26
달성군,가창면,대구광역시 달성군 가창면,35.75184938162544,128.61713577738516,14.5,5.3,1,좋음,#3b82f6,지산동,8.84
달성군,하빈면,대구광역시 달성군 하빈면,35.898917857142855,128.43105796703296,13.6,6.4,1,좋음,#3b82f6,다사읍,4.45
달성군,옥포읍,대구광역시 달성군 옥포읍,35.76272577669903,128.48106757281553,16.0,7.6,1,좋음,#3b82f6,화원읍,4.41
달성군,현풍읍,대구광역시 달성군 현풍읍,35.687090955882354,128.42539580882354,12.5,3.7,1,좋음,#3b82f6,유가읍,3.2
달성군,유가읍,대구광역시 달성군 유가읍,35.68495760714286,128.4908395357143,12.7,3.9,1,좋음,#3b82f6,유가읍,3.07
달성군,구지면,대구광역시 달성군 구지면,35.65095473945409,128.40949602977668,13.5,4.8,1,좋음,#3b82f6,유가읍,6.68
동구,안심3동,대구광역시 동구 안심3동,35.86247,128.73865753424658,13.3,4.5,1,좋음,#3b82f6,서호동,2.6
동구,혁신동,대구광역시 동구 혁신동,35.89895121739131,128.7395352173913,13.6,4.9,1,좋음,#3b82f6,서호동,4.2
달서구,월성1동,대구광역시 달서구 월성1동,35.82648891304348,128.529965,16.0,5.7,1,좋음,#3b82f6,진천동,1.09
달서구,진천동,대구광역시 달서구 진천동,35.8038965,128.52737033333332,16.8,7.2,1,좋음,#3b82f6,진천동,1.43
달서구,유천동,대구광역시 달서구 유천동,35.8147190625,128.514619375,16.7,7.2,1,좋음,#3b82f6,진천동,1.29
