측정소코드,측정소명,측정망,위도,경도
422112,남산1동,도시대기,35.85833333330001,128.58972222220004
422114,수창동,도시대기,35.874295999999994,128.584136
422115,지산동,도시대기,35.83047199999999,128.63157
422121,서호동,도시대기,35.86910400000001,128.711016
422122,용계동,도로변대기,35.87110600000001,128.688197
422132,이현동,도시대기,35.86955600000001,128.545323
422133,평리동,도로변대기,35.880274,128.562491
422141,대명동,도시대기,35.84549799999999,128.571066
422154,신암동,도시대기,35.889757,128.633064
422155,태전동,도시대기,35.923033000000004,128.550652
422158,산격동,도시대기,35.89324,128.60201
422159,서변동,도로변대기,35.911046999999996,128.599759
422160,연호동,도로변대기,35.839594,128.682225
422161,만촌동,도시대기,35.865276,128.640031
422171,호림동,도시대기,35.83787900000001,128.488731
422201,유가읍,도시대기,35.695336,128.459293
422202,이곡동,도로변대기,35.85120500000001,128.51153
422203,시지동,도시대기,35.83762600000001,128.697558
422204,진천동,도시대기,35.81672600000001,128.528732
422205,다사읍,도시대기,35.86492200000001,128.457164
422206,본동,도시대기,35.83433000000001,128.541083
422207,내당동,도시대기,35.859,128.55183
422208,침산동,도시대기,35.88761000000001,128.58434
422209,화원읍,도시대기,35.79736000000001,128.50485
422211,충혼탑,도로변대기,35.83225500000001,128.583743
422212,군위읍,도시대기,36.23474600000001,128.57628
